route_id,path,method,base_target_module,phase4a_target_module,base_migration_status,phase4a_migration_status,application_api,java_evidence,parity_evidence,approved_difference_ids,production_cutover
d3cd12aaca90,/api/quiz/subjects,GET,learning,catalog,pending,migrated,io.saksk.ti.catalog.api.CatalogApplicationApi#subjectCatalog,LegacySubjectCatalogControllerTest + SubjectCatalogQueryServiceTest + Phase4aSubjectCatalogIT,isolated Flask golden sha256:54a7441ed7b7b9a0b49d60bc84d6a06f0387a3eee009370960ac65a19293a35f; exact ordinary/admin/unauthenticated/rate-limit Java assertions; PostgreSQL fingerprint unchanged; Redis business/cache state unchanged; Bearer-only keys restricted to subject limiter namespace; Flask exchange and target Session changes restricted to credential-specific runtime namespaces,P4A-CATALOG-001;P4A-CATALOG-002;P4A-CATALOG-003,false
7fd9b0fc8111,/api/quiz/subjects/meta,GET,learning,catalog,pending,migrated,io.saksk.ti.catalog.api.CatalogApplicationApi#subjectCatalog,LegacySubjectCatalogControllerTest + SubjectCatalogQueryServiceTest + Phase4aSubjectCatalogIT + Phase4aSubjectJdbcCompatibilityIT,isolated Flask golden sha256:54a7441ed7b7b9a0b49d60bc84d6a06f0387a3eee009370960ac65a19293a35f; exact zero-count/restriction/stable-ID Java assertions on PostgreSQL 16 and 18; PostgreSQL fingerprint unchanged; Redis business/cache state unchanged; Bearer-only keys restricted to subject limiter namespace; Flask exchange and target Session changes restricted to credential-specific runtime namespaces,P4A-CATALOG-001;P4A-CATALOG-002;P4A-CATALOG-003,false
14642ebe7c1d,/api/public/banks,GET,catalog,catalog,pending,migrated,io.saksk.ti.catalog.api.PublicBankCatalogApi#search,LegacyPublicBankCatalogControllerTest + Phase4aPublicBankCatalogIT + Phase4aPublicBankJdbcCompatibilityIT,isolated Flask golden sha256:a63240ac2d22b0faff6daa143782eaa748bb54cda60b6c7ec9843a959eb486b5; 46-case response and side-effect contract; PostgreSQL 16/18 exact pagination/filter/order assertions; exact-runtime query-plan sha256:570e471e85374f32f3d50c33b9b4d199a3230f17c2893c37a2fcf7469e1f2476; PostgreSQL fingerprint unchanged; Redis writes restricted to public read limiter and credential runtime namespaces,P4A-CATALOG-004;P4A-CATALOG-005;P4A-CATALOG-007;P4A-CATALOG-008;P4A-CATALOG-009,false
db1ac691d6fb,/api/public/banks/boards,GET,catalog,catalog,pending,migrated,io.saksk.ti.catalog.api.PublicBankCatalogApi#boards,LegacyPublicBankCatalogControllerTest + Phase4aPublicBankCatalogIT + Phase4aPublicBankJdbcCompatibilityIT,isolated Flask golden sha256:a63240ac2d22b0faff6daa143782eaa748bb54cda60b6c7ec9843a959eb486b5; active-board/filter/order parity; one exact-runtime business SELECT in query-plan sha256:570e471e85374f32f3d50c33b9b4d199a3230f17c2893c37a2fcf7469e1f2476; PostgreSQL fingerprint unchanged; no catalog cache or refresh-lock write,P4A-CATALOG-004;P4A-CATALOG-005;P4A-CATALOG-007;P4A-CATALOG-008;P4A-CATALOG-009,false
8cfb837021af,/api/public/banks/card/<source_type>/<int:bank_id>,GET,catalog,catalog,pending,migrated,io.saksk.ti.catalog.api.PublicBankCatalogApi#detail,LegacyPublicBankCatalogControllerTest + LegacyPublicBankRateLimitHttpTest + Phase4aPublicBankCatalogIT,isolated Flask golden sha256:a63240ac2d22b0faff6daa143782eaa748bb54cda60b6c7ec9843a959eb486b5; business/converter/arbitrary-precision ID boundaries and Werkzeug Unicode Nd normalization; optional viewer relation; one exact-runtime business SELECT in query-plan sha256:570e471e85374f32f3d50c33b9b4d199a3230f17c2893c37a2fcf7469e1f2476; no catalog cache or refresh-lock write,P4A-CATALOG-004;P4A-CATALOG-005;P4A-CATALOG-007;P4A-CATALOG-008;P4A-CATALOG-009,false
a473896ff467,/api/public/banks/hot,GET,catalog,catalog,pending,migrated,io.saksk.ti.catalog.api.PublicBankCatalogApi#hot,LegacyPublicBankCatalogControllerTest + Phase4aPublicBankCatalogIT + Phase4aPublicBankJdbcCompatibilityIT,isolated Flask golden sha256:a63240ac2d22b0faff6daa143782eaa748bb54cda60b6c7ec9843a959eb486b5; bounded deterministic hot order; one exact-runtime business SELECT in query-plan sha256:570e471e85374f32f3d50c33b9b4d199a3230f17c2893c37a2fcf7469e1f2476; PostgreSQL fingerprint unchanged; no catalog cache or refresh-lock write,P4A-CATALOG-004;P4A-CATALOG-005;P4A-CATALOG-007;P4A-CATALOG-008;P4A-CATALOG-009,false
b7e49e77a026,/api/public/banks/list,GET,catalog,catalog,pending,migrated,io.saksk.ti.catalog.api.PublicBankCatalogApi#search,LegacyPublicBankCatalogControllerTest + Phase4aPublicBankCatalogIT + Phase4aPublicBankJdbcCompatibilityIT,isolated Flask golden sha256:a63240ac2d22b0faff6daa143782eaa748bb54cda60b6c7ec9843a959eb486b5; five sorts/filter/page boundaries and optional viewer parity on PostgreSQL 16/18; two exact-runtime business SELECTs in query-plan sha256:570e471e85374f32f3d50c33b9b4d199a3230f17c2893c37a2fcf7469e1f2476; PostgreSQL fingerprint unchanged; no catalog cache or refresh-lock write,P4A-CATALOG-004;P4A-CATALOG-005;P4A-CATALOG-007;P4A-CATALOG-008;P4A-CATALOG-009,false
f3644c1474f3,/api/public/banks/summary,GET,catalog,catalog,pending,migrated,io.saksk.ti.catalog.api.PublicBankCatalogApi#summary,LegacyPublicBankCatalogControllerTest + Phase4aPublicBankCatalogIT + Phase4aPublicBankJdbcCompatibilityIT,isolated Flask golden sha256:a63240ac2d22b0faff6daa143782eaa748bb54cda60b6c7ec9843a959eb486b5; approved true rolling-seven-day boundary and distinct active identity assertions on PostgreSQL 16/18; one exact-runtime business SELECT in query-plan sha256:570e471e85374f32f3d50c33b9b4d199a3230f17c2893c37a2fcf7469e1f2476; PostgreSQL fingerprint unchanged,P4A-CATALOG-004;P4A-CATALOG-005;P4A-CATALOG-006;P4A-CATALOG-007;P4A-CATALOG-008;P4A-CATALOG-009,false
37cd782b28dc,/api/public/banks/<int:bank_id>,GET,catalog,catalog,pending,migrated,io.saksk.ti.catalog.api.PublicBankCatalogApi#detail,LegacyPublicBankCatalogControllerTest + LegacyPublicBankRateLimitHttpTest + Phase4aPublicBankCatalogIT,isolated Flask golden sha256:a63240ac2d22b0faff6daa143782eaa748bb54cda60b6c7ec9843a959eb486b5; business/converter/arbitrary-precision ID boundaries and Werkzeug Unicode Nd normalization; optional viewer detail parity; one exact-runtime business SELECT in query-plan sha256:570e471e85374f32f3d50c33b9b4d199a3230f17c2893c37a2fcf7469e1f2476; no catalog cache or refresh-lock write,P4A-CATALOG-004;P4A-CATALOG-005;P4A-CATALOG-007;P4A-CATALOG-008;P4A-CATALOG-009,false
