resource_kind,resource_name,legacy_owner,legacy_source,target_owner,persistence_role,constraints_or_pattern,migration_status,notes
table,ai_change_records,admin/ai,app/models/ai_change_record.py; migrations/versions/d0e1f2a3b4c5_add_ai_change_records.py,intelligence,business_fact,columns=9; fk=created_by->users.id; unique=external_id; indexes=ix_ai_change_records_category_created(category+created_at)|ix_ai_change_records_source_created(source+created_at); migration_indexes=ix_ai_change_records_category_created|ix_ai_change_records_source_created,inventoried,One runtime writer during cutover.
table,ai_chat_messages,ai_chat,app/models/ai_chat.py; migrations/versions/a7b8c9d0e1f2_add_ai_chat_tables.py,intelligence,business_fact,columns=10; fk=session_id->ai_chat_sessions.id|user_id->users.id; indexes=ix_ai_chat_messages_session_created(session_id+created_at); migration_indexes=ix_ai_chat_messages_session_created,inventoried,One runtime writer during cutover.
table,ai_chat_sessions,ai_chat,app/models/ai_chat.py; migrations/versions/a7b8c9d0e1f2_add_ai_chat_tables.py,intelligence,business_fact,columns=7; fk=user_id->users.id; indexes=ix_ai_chat_sessions_user_updated(user_id+updated_at); migration_indexes=ix_ai_chat_sessions_user_updated,inventoried,One runtime writer during cutover.
table,alembic_version,alembic,Alembic migration tooling,operations,migration_tooling,version column; physical database tooling table,inventoried,Physical migration-tooling table; included to close the 70-table local PostgreSQL inventory.
table,backup_jobs,admin/backup,app/models/backup.py; migrations/versions/f3c4d5e6a7b8_add_backup_jobs.py,operations,business_fact,columns=17; fk=created_by->users.id; unique=active_slot|schedule_slot; indexes=ix_backup_jobs_status_created(status+created_at); migration_indexes=ix_backup_jobs_status_created,inventoried,One runtime writer during cutover.
table,bank_share_records,user_bank,app/models/user_bank.py; migrations/versions/3a7dbef5d592_initial_schema.py,personalbank,business_fact,columns=8; fk=bank_id->user_question_banks.id|share_id->bank_shares.id|user_id->users.id; unique=share_id+user_id,inventoried,One runtime writer during cutover.
table,bank_shares,user_bank,app/models/user_bank.py; migrations/versions/3a7dbef5d592_initial_schema.py,personalbank,business_fact,columns=11; fk=bank_id->user_question_banks.id|owner_id->users.id; unique=share_code|share_token,inventoried,One runtime writer during cutover.
table,chat_conversations,chat,app/models/chat.py; migrations/versions/3a7dbef5d592_initial_schema.py,messaging,business_fact,columns=6,inventoried,One runtime writer during cutover.
table,chat_members,chat,app/models/chat.py; migrations/versions/3a7dbef5d592_initial_schema.py,messaging,business_fact,columns=6; fk=conversation_id->chat_conversations.id|user_id->users.id; unique=conversation_id+user_id,inventoried,One runtime writer during cutover.
table,chat_messages,chat,app/models/chat.py; migrations/versions/3a7dbef5d592_initial_schema.py,messaging,business_fact,columns=7; fk=conversation_id->chat_conversations.id|sender_id->users.id; migration_indexes=ix_chat_messages_conv_created,inventoried,One runtime writer during cutover.
table,code_drafts,coding,app/models/coding.py; migrations/versions/3a7dbef5d592_initial_schema.py,coding,business_fact,columns=6; fk=question_id->coding_questions.id|user_id->users.id; unique=user_id+question_id,inventoried,One runtime writer during cutover.
table,code_submissions,coding,app/models/coding.py; migrations/versions/3a7dbef5d592_initial_schema.py,coding,business_fact,columns=12; fk=question_id->coding_questions.id|user_id->users.id; migration_indexes=ix_code_submissions_user_question,inventoried,One runtime writer during cutover.
table,coding_questions,coding,app/models/coding.py; migrations/versions/3a7dbef5d592_initial_schema.py,coding,business_fact,columns=16; fk=coding_subject_id->coding_subjects.id,inventoried,One runtime writer during cutover.
table,coding_statistics,coding,app/models/coding.py; migrations/versions/3a7dbef5d592_initial_schema.py,coding,business_fact,columns=10; fk=question_id->coding_questions.id|user_id->users.id; unique=user_id+question_id,inventoried,One runtime writer during cutover.
table,coding_subjects,coding,app/models/coding.py; migrations/versions/3a7dbef5d592_initial_schema.py,coding,business_fact,columns=5; unique=name,inventoried,One runtime writer during cutover.
table,duplicate_check_records,admin,app/models/system.py; migrations/versions/3a7dbef5d592_initial_schema.py,operations,business_fact,columns=7; fk=created_by->users.id|subject_id->subjects.id,inventoried,One runtime writer during cutover.
table,edu_grade_overview_snapshots,edu_schedule,app/models/edu_schedule.py; migrations/versions/f4a5b6c7d8e9_add_edu_grade_overview_snapshots.py,campus,business_fact,columns=9; fk=user_id->users.id; unique=user_id+refresh_id; indexes=ix_edu_grade_overview_user_account_fetched(user_id+jwxt_account_key+refresh_order+fetched_at); migration_indexes=ix_edu_grade_overview_user_account_fetched,inventoried,One runtime writer during cutover.
table,edu_grade_snapshots,edu_schedule,app/models/edu_schedule.py; migrations/versions/c8d9e0f1a2b3_add_edu_grade_snapshots.py,campus,business_fact,columns=13; fk=user_id->users.id; unique=user_id+refresh_id+xnm+xqm; indexes=ix_edu_grade_snapshots_user_account_fetched(user_id+jwxt_account_key+refresh_order+fetched_at)|ix_edu_grade_snapshots_user_refresh(user_id+refresh_id); migration_indexes=ix_edu_grade_snapshots_user_account_fetched|ix_edu_grade_snapshots_user_fetched|ix_edu_grade_snapshots_user_refresh,inventoried,One runtime writer during cutover.
table,edu_schedule_credentials,edu_schedule,app/models/edu_schedule.py; migrations/versions/b7c8d9e0f1a2_add_edu_schedule_tables.py,campus,business_fact,columns=7; fk=user_id->users.id; unique=user_id,inventoried,One runtime writer during cutover.
table,edu_schedule_snapshots,edu_schedule,app/models/edu_schedule.py; migrations/versions/b7c8d9e0f1a2_add_edu_schedule_tables.py,campus,business_fact,columns=10; fk=user_id->users.id; migration_indexes=ix_edu_schedule_snapshots_user_fetched,inventoried,One runtime writer during cutover.
table,email_verification_codes,auth,app/models/user.py; migrations/versions/3a7dbef5d592_initial_schema.py,identity,business_fact,columns=9; fk=user_id->users.id; migration_indexes=ix_email_codes_email_type_used,inventoried,One runtime writer during cutover.
table,exam_questions,exam,app/models/exam.py; migrations/versions/3a7dbef5d592_initial_schema.py,assessment,business_fact,columns=8; fk=exam_id->exams.id; migration_indexes=ix_exam_questions_exam_id,inventoried,One runtime writer during cutover.
table,exam_templates,exam,app/models/exam.py; migrations/versions/3a7dbef5d592_initial_schema.py,assessment,business_fact,columns=6; fk=user_id->users.id,inventoried,One runtime writer during cutover.
table,exams,exam,app/models/exam.py; migrations/versions/3a7dbef5d592_initial_schema.py,assessment,business_fact,columns=9; fk=user_id->users.id,inventoried,One runtime writer during cutover.
table,favorites,quiz,app/models/quiz.py; migrations/versions/3a7dbef5d592_initial_schema.py,learning,business_fact,columns=4; fk=question_id->questions.id|user_id->users.id; unique=user_id+question_id; migration_indexes=ix_favorites_user_question,inventoried,One runtime writer during cutover.
table,forum_boards,forum,app/models/forum.py; migrations/versions/f8a2c1d3e4b5_add_forum_tables.py,community,business_fact,columns=12; fk=created_by->users.id|subject_id->subjects.id; unique=slug; migration_indexes=ix_forum_boards_sort|ix_forum_boards_subject,inventoried,One runtime writer during cutover.
table,forum_comments,forum,app/models/forum.py; migrations/versions/f8a2c1d3e4b5_add_forum_tables.py,community,business_fact,columns=13; fk=author_id->users.id|parent_id->forum_comments.id|post_id->forum_posts.id|reply_to_user_id->users.id; migration_indexes=ix_forum_comments_author|ix_forum_comments_parent|ix_forum_comments_post|ix_forum_comments_post_deleted,inventoried,One runtime writer during cutover.
table,forum_favorites,forum,app/models/forum.py; migrations/versions/f8a2c1d3e4b5_add_forum_tables.py,community,business_fact,columns=4; fk=post_id->forum_posts.id|user_id->users.id; unique=user_id+post_id,inventoried,One runtime writer during cutover.
table,forum_likes,forum,app/models/forum.py; migrations/versions/f8a2c1d3e4b5_add_forum_tables.py,community,business_fact,columns=5; fk=user_id->users.id; unique=user_id+target_type+target_id,inventoried,One runtime writer during cutover.
table,forum_mentions,forum,app/models/forum.py; migrations/versions/a1b2c3d4e5f6_add_forum_phase2_tables.py,community,business_fact,columns=7; fk=mentioned_user_id->users.id|mentioner_id->users.id; migration_indexes=ix_forum_mentions_source|ix_forum_mentions_user,inventoried,One runtime writer during cutover.
table,forum_poll_votes,forum,app/models/forum.py; migrations/versions/a1b2c3d4e5f6_add_forum_phase2_tables.py,community,business_fact,columns=5; fk=post_id->forum_posts.id|user_id->users.id; unique=post_id+user_id+option_index; migration_indexes=ix_forum_poll_votes_post,inventoried,One runtime writer during cutover.
table,forum_posts,forum,app/models/forum.py; migrations/versions/f8a2c1d3e4b5_add_forum_tables.py; migrations/versions/d1e2f3a4b5c6_add_forum_fulltext_search.py,community,business_fact,columns=27; fk=author_id->users.id|board_id->forum_boards.id; migration_indexes=ix_forum_posts_author|ix_forum_posts_board_created|ix_forum_posts_board_deleted_created|ix_forum_posts_pinned|ix_forum_posts_search; physical_columns=28; physical_extra_column=search_vector tsvector GENERATED ALWAYS AS (...) STORED,inventoried,The inspected PostgreSQL schema has 28 physical columns: 27 ORM columns plus generated search_vector; its GIN index and ALTER migration are explicit contract evidence.
table,forum_reactions,forum,app/models/forum.py; migrations/versions/a1b2c3d4e5f6_add_forum_phase2_tables.py,community,business_fact,columns=6; fk=user_id->users.id; unique=user_id+target_type+target_id+emoji; migration_indexes=ix_forum_reactions_target,inventoried,One runtime writer during cutover.
table,forum_reports,forum,app/models/forum.py; migrations/versions/a1b2c3d4e5f6_add_forum_phase2_tables.py,community,business_fact,columns=11; fk=handled_by->users.id|reporter_id->users.id; migration_indexes=ix_forum_reports_status|ix_forum_reports_target,inventoried,One runtime writer during cutover.
table,forum_uploads,forum,app/models/forum.py; migrations/versions/d4e5f6a7b8c9_add_forum_upload_tracking.py,community,business_fact,columns=7; fk=post_id->forum_posts.id|uploader_id->users.id; migration_indexes=idx_forum_uploads_attached|idx_forum_uploads_post|idx_forum_uploads_uploader,inventoried,One runtime writer during cutover.
table,forum_user_bans,forum,app/models/forum.py; migrations/versions/a1b2c3d4e5f6_add_forum_phase2_tables.py,community,business_fact,columns=7; fk=banned_by->users.id|user_id->users.id; migration_indexes=ix_forum_user_bans_user,inventoried,One runtime writer during cutover.
table,interaction_notifications,forum,app/models/follow.py; migrations/versions/c1d2e3f4a5b6_add_follows_and_interaction_notifications.py,messaging,business_fact,columns=10; fk=actor_id->users.id|user_id->users.id; migration_indexes=ix_interaction_notifications_user,inventoried,"ORM exists in app/models/follow.py but app.models package does not import it; the legacy forum service is the only runtime reader/writer, while the target owner remains messaging and the database has uq_interaction_notifications_dedup absent from ORM."
table,mistakes,quiz,app/models/quiz.py; migrations/versions/3a7dbef5d592_initial_schema.py,learning,business_fact,columns=7; fk=question_id->questions.id|user_id->users.id; unique=user_id+question_id; migration_indexes=ix_mistakes_user_question,inventoried,One runtime writer during cutover.
table,notification_dismissals,notifications,app/models/notification.py; migrations/versions/3a7dbef5d592_initial_schema.py,messaging,business_fact,columns=4; fk=notification_id->notifications.id|user_id->users.id; unique=user_id+notification_id,inventoried,One runtime writer during cutover.
table,notifications,notifications/admin,app/models/notification.py; migrations/versions/3a7dbef5d592_initial_schema.py,messaging,business_fact,columns=11; fk=created_by->users.id; migration_indexes=ix_notifications_is_active,inventoried,One runtime writer during cutover.
table,plaza_boards,user_bank,app/models/plaza.py; migrations/versions/f2b3c4d5e6f7_add_public_bank_plaza_read_model.py,catalog,business_fact,columns=9; unique=slug,inventoried,One runtime writer during cutover.
table,popup_dismissals,popups,app/models/popup.py; migrations/versions/3a7dbef5d592_initial_schema.py,operations,business_fact,columns=4; fk=popup_id->popups.id|user_id->users.id; unique=user_id+popup_id,inventoried,One runtime writer during cutover.
table,popup_views,popups,app/models/popup.py; migrations/versions/3a7dbef5d592_initial_schema.py,operations,business_fact,columns=4; fk=popup_id->popups.id|user_id->users.id,inventoried,One runtime writer during cutover.
table,popups,popups/admin,app/models/popup.py; migrations/versions/3a7dbef5d592_initial_schema.py,operations,business_fact,columns=11; fk=created_by->users.id,inventoried,One runtime writer during cutover.
table,public_bank_plaza_metrics,user_bank,app/models/plaza.py; migrations/versions/f2b3c4d5e6f7_add_public_bank_plaza_read_model.py,catalog,business_fact,columns=24; fk=plaza_board_id->plaza_boards.id; unique=source_type+source_id; migration_indexes=ix_public_bank_plaza_metrics_tab_active|ix_public_bank_plaza_metrics_tab_featured|ix_public_bank_plaza_metrics_tab_hot,inventoried,One runtime writer during cutover.
table,public_bank_users,user_bank,app/models/user_bank.py; migrations/versions/3a7dbef5d592_initial_schema.py,personalbank,business_fact,columns=6; fk=bank_id->user_question_banks.id|user_id->users.id; unique=bank_id+user_id,inventoried,One runtime writer during cutover.
table,public_subject_users,user_bank,app/models/plaza.py; migrations/versions/e6f7a8b9c0d1_add_system_join_and_bank_profile_fields.py,catalog,business_fact,columns=6; fk=subject_id->subjects.id|user_id->users.id; unique=subject_id+user_id; migration_indexes=ix_public_subject_users_subject_user,inventoried,One runtime writer during cutover.
table,questions,quiz/admin,app/models/subject.py; migrations/versions/3a7dbef5d592_initial_schema.py,catalog,business_fact,columns=15; fk=subject_id->subjects.id; migration_indexes=ix_questions_subject_id|ix_questions_subject_type,inventoried,One runtime writer during cutover.
table,reinforce_similar_cache,quiz,app/models/system.py; migrations/versions/3a7dbef5d592_initial_schema.py,learning,supporting_state,columns=8; unique=source+scope_id,inventoried,One runtime writer during cutover.
table,schema_migrations,system,app/models/system.py; migrations/versions/3a7dbef5d592_initial_schema.py,operations,supporting_state,columns=2,inventoried,One runtime writer during cutover.
table,study_learning,quiz,app/models/study.py; migrations/versions/3a7dbef5d592_initial_schema.py,learning,business_fact,columns=13; fk=user_id->users.id; unique=user_id+source+scope_id+question_id,inventoried,One runtime writer during cutover.
table,study_review,quiz,app/models/study.py; migrations/versions/3a7dbef5d592_initial_schema.py,learning,business_fact,columns=13; fk=user_id->users.id; unique=user_id+source+scope_id+question_id; migration_indexes=ix_study_review_user_due,inventoried,One runtime writer during cutover.
table,subjects,quiz/admin,app/models/subject.py; migrations/versions/3a7dbef5d592_initial_schema.py,catalog,business_fact,columns=9; fk=plaza_board_id->plaza_boards.id; unique=name,inventoried,One runtime writer during cutover.
table,system_config,admin,app/models/system.py; migrations/versions/3a7dbef5d592_initial_schema.py,operations,business_fact,columns=6; fk=updated_by->users.id; unique=config_key,inventoried,One runtime writer during cutover.
table,user_answers,quiz,app/models/quiz.py; migrations/versions/3a7dbef5d592_initial_schema.py,learning,business_fact,columns=6; fk=question_id->questions.id|user_id->users.id; migration_indexes=ix_user_answers_user_created|ix_user_answers_user_question,inventoried,One runtime writer during cutover.
table,user_bank_answers,user_bank,app/models/user_bank.py; migrations/versions/3a7dbef5d592_initial_schema.py,learning,business_fact,columns=7; fk=bank_id->user_question_banks.id|question_id->user_bank_questions.id|user_id->users.id; unique=user_id+question_id; migration_indexes=ix_user_bank_answers_user_bank,inventoried,One runtime writer during cutover.
table,user_bank_categories,user_bank,app/models/user_bank.py; migrations/versions/3a7dbef5d592_initial_schema.py,personalbank,business_fact,columns=7; fk=user_id->users.id; unique=user_id+name,inventoried,One runtime writer during cutover.
table,user_bank_favorites,user_bank,app/models/user_bank.py; migrations/versions/3a7dbef5d592_initial_schema.py,learning,business_fact,columns=5; fk=bank_id->user_question_banks.id|question_id->user_bank_questions.id|user_id->users.id; unique=user_id+question_id; migration_indexes=ix_user_bank_favorites_user_bank,inventoried,One runtime writer during cutover.
table,user_bank_mistakes,user_bank,app/models/user_bank.py; migrations/versions/3a7dbef5d592_initial_schema.py,learning,business_fact,columns=7; fk=bank_id->user_question_banks.id|question_id->user_bank_questions.id|user_id->users.id; unique=user_id+question_id; migration_indexes=ix_user_bank_mistakes_user_bank,inventoried,One runtime writer during cutover.
table,user_bank_questions,user_bank,app/models/user_bank.py; migrations/versions/3a7dbef5d592_initial_schema.py,personalbank,business_fact,columns=16; fk=bank_id->user_question_banks.id|user_id->users.id; migration_indexes=ix_user_bank_questions_bank_id,inventoried,One runtime writer during cutover.
table,user_checkins,user,app/models/quiz.py; migrations/versions/3a7dbef5d592_initial_schema.py,learning,business_fact,columns=4; fk=user_id->users.id; unique=user_id+checkin_date,inventoried,One runtime writer during cutover.
table,user_coding_stats,coding,app/models/coding.py; migrations/versions/3a7dbef5d592_initial_schema.py,coding,business_fact,columns=9; fk=user_id->users.id; unique=user_id,inventoried,One runtime writer during cutover.
table,user_follows,forum,app/models/follow.py; migrations/versions/c1d2e3f4a5b6_add_follows_and_interaction_notifications.py,community,business_fact,columns=4; fk=follower_id->users.id|following_id->users.id; unique=follower_id+following_id; migration_indexes=ix_user_follows_follower|ix_user_follows_following,inventoried,ORM exists in app/models/follow.py but app.models package does not import it; ORM and database constraint names differ.
table,user_progress,quiz/auth/user,app/models/quiz.py; migrations/versions/3a7dbef5d592_initial_schema.py,learning,business_fact,columns=6; fk=user_id->users.id; unique=user_id+p_key; migration_indexes=ix_user_progress_user_id,inventoried,One runtime writer during cutover.
table,user_question_banks,user_bank,app/models/user_bank.py; migrations/versions/3a7dbef5d592_initial_schema.py,personalbank,business_fact,columns=22; fk=category_id->user_bank_categories.id|plaza_board_id->plaza_boards.id|user_id->users.id,inventoried,One runtime writer during cutover.
table,user_question_tag_items,quiz/user_bank,app/models/system.py; migrations/versions/3a7dbef5d592_initial_schema.py,learning,business_fact,columns=7; fk=user_id->users.id,inventoried,Runtime attempts two extra composite indexes that are absent from Alembic and the inspected local database.
table,user_quiz_stats,quiz,app/models/quiz.py; migrations/versions/3a7dbef5d592_initial_schema.py,learning,business_fact,columns=5; fk=user_id->users.id; unique=user_id,inventoried,One runtime writer during cutover.
table,user_remarks,chat,app/models/chat.py; migrations/versions/3a7dbef5d592_initial_schema.py,messaging,business_fact,columns=6; fk=owner_user_id->users.id|target_user_id->users.id; unique=owner_user_id+target_user_id,inventoried,One runtime writer during cutover.
table,user_subjects,user/admin,app/models/system.py; migrations/versions/3a7dbef5d592_initial_schema.py,identity,business_fact,columns=5; fk=restricted_by->users.id|subject_id->subjects.id|user_id->users.id; unique=user_id+subject_id; migration_indexes=ix_user_subjects_user_id,inventoried,One runtime writer during cutover.
table,users,user/auth,app/models/user.py; migrations/versions/3a7dbef5d592_initial_schema.py,identity,business_fact,columns=21; unique=username; indexes=ix_users_phone(phone) unique; migration_indexes=ix_users_email|ix_users_openid|ix_users_phone,inventoried,One runtime writer during cutover.
db_kv_namespace,web_login_session:<sid>,auth,app/modules/auth/services/web_login_service.py; app/models/quiz.py,identity,short_lived_coordination,"user_progress(user_id,p_key,data); unique(user_id,p_key); JSON expires_at=20m",inventoried,"Read-time expiry only; no row/file cleanup found. System-scoped row is stored under KV_OWNER_USER_ID (default 1, otherwise the first user), not the business user; preserve or deliberately replace that ownership rule during migration."
db_kv_namespace,web_login_token:<token>,auth,app/modules/auth/services/web_login_service.py; app/models/quiz.py,identity,single_use_coordination,"user_progress(user_id,p_key,data); unique(user_id,p_key); JSON expires_at=30s",inventoried,"Single-use token; expired/consumed tokens are deleted only when consumed. System-scoped row is stored under KV_OWNER_USER_ID (default 1, otherwise the first user), not the business user; preserve or deliberately replace that ownership rule during migration."
db_kv_namespace,web_wechat_bind_session:<sid>,auth,app/modules/auth/services/web_login_service.py; app/models/quiz.py,identity,short_lived_coordination,"user_progress(user_id,p_key,data); unique(user_id,p_key); JSON expires_at=20m",inventoried,"Read-time expiry only; no row/file cleanup found. System-scoped row is stored under KV_OWNER_USER_ID (default 1, otherwise the first user), not the business user; preserve or deliberately replace that ownership rule during migration."
db_kv_namespace,wechat_temp_token:<token>,auth,app/modules/auth/services/web_login_service.py; app/models/quiz.py,identity,single_use_coordination,"user_progress(user_id,p_key,data); unique(user_id,p_key); JSON expires_at=5m",inventoried,"Sensitive single-use token; no periodic cleanup. System-scoped row is stored under KV_OWNER_USER_ID (default 1, otherwise the first user), not the business user; preserve or deliberately replace that ownership rule during migration."
db_kv_namespace,user_profile_extra_v1,user,app/modules/user/routes/api.py; app/models/quiz.py,identity,business_state,"user_progress(user_id,p_key,data); unique(user_id,p_key); no TTL",inventoried,Legacy profile extension document.
db_kv_namespace,question_tags_v1,quiz,app/modules/quiz/services/question_tags_service.py; app/models/quiz.py,learning,legacy_compatibility_state,"user_progress(user_id,p_key,data); unique(user_id,p_key); no TTL",inventoried,Read-only compatibility source migrated on demand to user_question_tag_items; current writes no longer update this namespace.
db_kv_namespace,bank_<bank_id>_tags,user_bank,app/modules/user_bank/routes/api_tags.py; app/models/quiz.py,personalbank,legacy_compatibility_state,"user_progress(user_id,p_key,data); unique(user_id,p_key); no TTL",inventoried,Read-only compatibility source migrated on demand to user_question_tag_items; current writes no longer update this namespace.
db_kv_namespace,user_bank_duplicate_check:<bank_id>,user_bank,app/modules/user_bank/services/duplicate_check_service.py; app/models/quiz.py,personalbank,rebuildable_snapshot,"user_progress(user_id,p_key,data); unique(user_id,p_key); no TTL",inventoried,Rebuildable duplicate-check snapshot.
db_kv_namespace,study_progress_<uid>_...,quiz,app/modules/quiz/routes/pages_helpers.py; app/modules/quiz/templates/quiz/partials/quiz/assets/js/_00_bootstrap.html; app/models/quiz.py,learning,business_state,"user_progress(user_id,p_key,data); unique(user_id,p_key); no TTL",inventoried,Study ordering/progress state.
db_kv_namespace,quiz_progress_<uid>_...,quiz,app/modules/quiz/routes/pages_helpers.py; miniprogram-1/miniprogram/pages/quiz/quiz.ts; app/models/quiz.py,learning,business_state,"user_progress(user_id,p_key,data); unique(user_id,p_key); no TTL",inventoried,Public-bank and reinforce/quiz ordering and answer progress.
db_kv_namespace,bank_quiz_progress_<uid>_...,miniprogram/user_bank,miniprogram-1/miniprogram/pages/quiz/quiz.ts; app/models/quiz.py,learning,business_state,"user_progress(user_id,p_key,data); unique(user_id,p_key); no TTL",inventoried,Miniprogram personal-bank quiz progress; intentionally owned with learning progress.
db_kv_namespace,last_practice_session,quiz/miniprogram,app/modules/quiz/templates/quiz/partials/quiz/assets/js/_00_bootstrap.html; miniprogram-1/miniprogram/pages/quiz/quiz.ts; app/models/quiz.py,learning,business_state,"user_progress(user_id,p_key,data); unique(user_id,p_key); no TTL",inventoried,Cross-surface resume pointer for the most recent practice session.
db_kv_namespace,user_settings_v1,settings/miniprogram,app/modules/main/templates/main/settings/theme.html; miniprogram-1/miniprogram/utils/user-settings.ts; app/models/quiz.py,identity,business_state,"user_progress(user_id,p_key,data); unique(user_id,p_key); no TTL",inventoried,Cross-surface user preferences; do not absorb into the generic learning namespace.
db_kv_namespace,subject:overview,development seed,scripts/严格初始化开发数据.py; app/models/quiz.py,catalog,seed_state,"user_progress(user_id,p_key,data); unique(user_id,p_key); no TTL",inventoried,Initialization data.
db_kv_namespace,<client_supplied_p_key>,quiz API,app/modules/quiz/routes/api_components/progress_tags_notifications.py; app/models/quiz.py,learning,unbounded_legacy_namespace,"user_progress(user_id,p_key,data); unique(user_id,p_key); no TTL; mixed/unknown namespace",inventoried,POST /api/progress accepts arbitrary client keys; inventory known keys explicitly and constrain this escape hatch during migration.
redis_key,cache:chat:convs:<sha256(params)>,shared cache_utils,app/core/utils/cache_utils.py,messaging,rebuildable_cache,Redis DB 0; TTL=5s,inventoried,Redis uses allkeys-lru; never treat cache content as final business truth.
redis_key,cache:forum:boards:<sha256(params)>,shared cache_utils,app/core/utils/cache_utils.py,community,rebuildable_cache,Redis DB 0; TTL=300s,inventoried,Redis uses allkeys-lru; never treat cache content as final business truth.
redis_key,cache:data_center:<sha256(params)>,shared cache_utils,app/core/utils/cache_utils.py,learning,rebuildable_cache,Redis DB 0; TTL=120s,inventoried,Redis uses allkeys-lru; never treat cache content as final business truth.
redis_key,cache:quiz:question_detail:<sha256(params)>,shared cache_utils,app/core/utils/cache_utils.py,catalog,rebuildable_cache,Redis DB 0; TTL=300s,inventoried,Redis uses allkeys-lru; never treat cache content as final business truth.
redis_key,cache:quiz:questions_count:<sha256(params)>,shared cache_utils,app/core/utils/cache_utils.py,catalog,rebuildable_cache,Redis DB 0; TTL=60s; production default 120s,inventoried,Redis uses allkeys-lru; never treat cache content as final business truth.
redis_key,cache:quiz:user_counts:<sha256(params)>,shared cache_utils,app/core/utils/cache_utils.py,learning,rebuildable_cache,Redis DB 0; TTL=30s,inventoried,Redis uses allkeys-lru; never treat cache content as final business truth.
redis_key,cache:quiz:history:<sha256(params)>,shared cache_utils,app/core/utils/cache_utils.py,learning,rebuildable_cache,Redis DB 0; TTL=30s,inventoried,Redis uses allkeys-lru; never treat cache content as final business truth.
redis_key,cache:quiz:subject_stats_detail:<sha256(params)>,shared cache_utils,app/core/utils/cache_utils.py,learning,rebuildable_cache,Redis DB 0; TTL=30s,inventoried,Redis uses allkeys-lru; never treat cache content as final business truth.
redis_key,cache:quiz:subjects:<sha256(params)>,shared cache_utils,app/core/utils/cache_utils.py,catalog,rebuildable_cache,Redis DB 0; TTL=60s; production default 300s,inventoried,Redis uses allkeys-lru; never treat cache content as final business truth.
redis_key,cache:quiz:subjects_meta:<sha256(params)>,shared cache_utils,app/core/utils/cache_utils.py,catalog,rebuildable_cache,Redis DB 0; TTL=60s; production default 300s,inventoried,Redis uses allkeys-lru; never treat cache content as final business truth.
redis_key,cache:quiz:subject_info:<sha256(params)>,shared cache_utils,app/core/utils/cache_utils.py,catalog,rebuildable_cache,Redis DB 0; TTL=subjects-meta TTL,inventoried,Redis uses allkeys-lru; never treat cache content as final business truth.
redis_key,cache:quiz:ai_explain:<sha256(params)>,shared cache_utils,app/core/utils/cache_utils.py,intelligence,rebuildable_cache,Redis DB 0; TTL=30d default,inventoried,Redis uses allkeys-lru; never treat cache content as final business truth.
redis_key,cache:ver:quiz:questions,shared cache_utils,app/core/utils/cache_utils.py,catalog,rebuildable_cache_version,Redis DB 0; integer; no TTL,inventoried,Invalidation version only.
redis_key,cache:ver:quiz:subjects,shared cache_utils,app/core/utils/cache_utils.py,catalog,rebuildable_cache_version,Redis DB 0; integer; no TTL,inventoried,Invalidation version only.
redis_key,cache:ver:quiz:u:<user_id>,shared cache_utils,app/core/utils/cache_utils.py,learning,rebuildable_cache_version,Redis DB 0; integer; no TTL,inventoried,Invalidation version only.
redis_key,cache:ver:chat:conv:<user_id>,shared cache_utils,app/core/utils/cache_utils.py,messaging,rebuildable_cache_version,Redis DB 0; integer; no TTL,inventoried,Invalidation version only.
redis_key,cache:ver:forum:boards,shared cache_utils,app/core/utils/cache_utils.py,community,rebuildable_cache_version,Redis DB 0; integer; no TTL,inventoried,Invalidation version only.
redis_key,auth:user_state:<user_id>,auth,app/core/utils/user_state_cache.py,identity,rebuildable_auth_cache,JSON; TTL 20s default; if configured as 0 the Redis key has no expiry and the process-local fallback is disabled,inventoried,"Authoritative state remains PostgreSQL; zero is a configuration edge case, not the current default."
redis_key,chat:unread:<user_id>,chat,app/core/utils/unread_counter.py,messaging,rebuildable_counter_cache,Hash conversation_id->count; no TTL,inventoried,Rebuild from durable messages/read state.
redis_key,ai_explain:result:<hash>,quiz,app/modules/quiz/routes/api_components/ai_jobs.py; app/tasks/ai_explain_tasks.py,intelligence,rebuildable_result_cache,JSON; TTL 30d default,inventoried,The route defines/reads the key and the RQ task writes the result.
redis_key,ai_explain:job:<hash>,quiz,app/modules/quiz/routes/api_components/ai_jobs.py,intelligence,idempotency_coordination,job id; TTL 600s,inventoried,Enqueue de-duplication only.
redis_key,sms:rate:<phone>,auth,app/modules/auth/services/sms_auth_service.py,identity,rate_limit,nominal TTL 60s; INCR then EXPIRE are not atomic,inventoried,Never a delivery fact; a crash or EXPIRE failure can leave a non-expiring key.
redis_key,sms:rate_hour:<phone>,auth,app/modules/auth/services/sms_auth_service.py,identity,rate_limit,nominal TTL 3600s; INCR then EXPIRE are not atomic,inventoried,Never a delivery fact; a crash or EXPIRE failure can leave a non-expiring key.
redis_key,sms:failed:<timestamp>,auth,app/tasks/sms_tasks.py,operations,failure_telemetry,TTL 7d,inventoried,Masked failure telemetry.
redis_key,email:failed:<timestamp>,auth,app/tasks/email_tasks.py,operations,failure_telemetry,TTL 7d,inventoried,Masked failure telemetry.
redis_key,edu_schedule:query_task:<task_id>,edu_schedule,app/modules/edu_schedule/services/query_tasks.py,campus,temporary_task_state,JSON; TTL 1800s,inventoried,"Credentials/job payload also live only in process memory, so Redis state cannot recover execution."
redis_key,edu_schedule:user_query_tasks:<user_id>,edu_schedule,app/modules/edu_schedule/services/query_tasks.py,campus,temporary_task_index,max 10 tasks; TTL 1800s,inventoried,Recent-task lookup index.
redis_key,edu_schedule:query_dedupe:<sha256>,edu_schedule,app/modules/edu_schedule/services/query_tasks.py,campus,idempotency_coordination,TTL 1800s,inventoried,Prevents duplicate fragile-upstream queries.
redis_key,edu_schedule:grade_refresh_order:<user_id>:<account_key>,edu_schedule,app/modules/edu_schedule/services/query_tasks.py,campus,sequence_coordination,integer; TTL 1800s,inventoried,Monotonic refresh order.
redis_key,edu_schedule:webvpn_challenge:<challenge_id>,edu_schedule,app/modules/edu_schedule/services/webvpn_refresh.py,campus,short_lived_coordination,encrypted cookies/token; TTL 300s,inventoried,Never report plaintext challenge material.
redis_key,edu_schedule:upstream_slots,edu_schedule,app/modules/edu_schedule/services/upstream_executor.py,campus,concurrency_coordination,Sorted Set; global limit 20; stale after 120s,inventoried,Protect fragile upstream.
redis_key,plaza:metrics:refresh:lock,public_bank,app/modules/user_bank/services/plaza_metrics_service.py,catalog,distributed_lock,SET NX EX 30s,inventoried,Rebuildable metrics refresh coordination.
redis_key,LIMITS:*,Flask-Limiter,app/core/extensions.py,operations,library_managed_rate_limit,version-dependent Redis keys,inventoried,Do not freeze library-internal key layout as a business contract.
redis_key,rq:*,RQ,app/core/utils/rq_utils.py,operations,library_managed_queue_state,queue/job/worker/registries; version-dependent,inventoried,Drain or explicitly abandon jobs before cutover.
queue,RQ queue saksk,RQ,compose.dev.yml; compose.prod.yml; app/core/utils/rq_utils.py,operations,transient_work_queue,"AI explain, email, SMS; Compose worker listens this queue",inventoried,Stop producers and drain/reconcile before cutover.
queue,RQ queue default,RQ,app/modules/chat/routes/api.py; compose.dev.yml; compose.prod.yml,operations,transient_work_queue,chat audio transcode; direct Queue(connection=...) selects RQ default; Compose worker does not listen,inventoried,Known legacy risk: an accepted job can remain unconsumed while the message retains its raw-audio URL.
queue_task,app.tasks.ai_explain_tasks.ai_explain_task,quiz,app/tasks/ai_explain_tasks.py,intelligence,background_command,saksk; timeout 120s; result/failure TTL 24h,inventoried,Stable idempotency key required in target.
queue_task,app.tasks.email_tasks.send_email_task,auth,app/tasks/email_tasks.py,identity,background_command,saksk; retry 30/60/120s; timeout 120s; queue TTL 600s,inventoried,Final failure telemetry in Redis.
queue_task,app.tasks.sms_tasks.send_sms_task,auth,app/tasks/sms_tasks.py,identity,background_command,saksk; retry 10/30s; timeout 30s,inventoried,Final failure telemetry in Redis.
queue_task,app.modules.chat.tasks.transcode_audio_task,chat,app/modules/chat/routes/api.py; app/modules/chat/tasks.py,messaging,background_command,default queue; bypasses RQ_DISABLED,inventoried,No current Compose consumer for default queue; synchronous fallback happens only when enqueue fails.
scheduled_or_background_task,expired email verification cleanup,auth,app/core/tasks.py,identity,background_process,startup then hourly; once per Gunicorn worker,inventoried,Production default 2 workers can run duplicate cleaners.
scheduled_or_background_task,orphan forum upload cleanup,forum,app/core/tasks.py; app/modules/forum/services/upload_service.py,community,background_process,startup then hourly; 24h orphan threshold,inventoried,Must remain idempotent under concurrent workers.
scheduled_or_background_task,R2 backup scheduler,admin/backup,app/tasks/backup_scheduler.py; app/modules/admin/services/backup_job_service.py,operations,background_process,sidecar polls every 60s; always recovers stale jobs/retries deletion/executes queued jobs; only scheduled-job creation is disabled by default; cron default 02:00,inventoried,Current local container still runs the older backup-cron.sh image/config.
scheduled_or_background_task,campus schedule/grade query,edu_schedule,app/modules/edu_schedule/services/query_tasks.py,campus,background_process,per-request daemon thread; unbounded attempts; backoff 5/20/60/120/300s,inventoried,_QUERY_TASK_MAX_ATTEMPTS=None; process restart cannot recover in-memory credentials/job payload.
scheduled_or_background_task,SSE Redis subscriber,core SSE,app/core/sse/event_bus.py,messaging,background_process,lazy daemon thread per process,inventoried,In-memory fallback queue size 64 may drop events.
scheduled_or_background_task,backup lease heartbeat,admin/backup,app/modules/admin/services/backup_job_service.py,operations,background_process,thread per active backup job,inventoried,Lease state must be observable and recoverable.
realtime_channel,sse:events,core SSE,app/core/sse/event_bus.py; app/core/sse/routes.py; app/core/config.py,messaging,ephemeral_delivery,"Redis Pub/Sub; connected,reconnect,chat_message,chat_unread,chat_message_revoked,interact_unread,notif_unread",inventoried,"Heartbeat is an SSE comment, not an event; PostgreSQL retains facts; ProductionConfig disables SSE by default."
realtime_channel,AI chat response stream,ai_chat,app/modules/ai_chat/routes/api.py; app/modules/ai_chat/services/ai_chat_service.py,intelligence,ephemeral_delivery,"direct HTTP SSE events meta,delta,done,error",inventoried,Does not use sse:events.
object_prefix,uploads/avatars/,user,app/modules/user/routes/api.py,identity,durable_file,generated filename; extension allowlist only; no size/MIME/magic-byte validation,inventoried,Replacing an avatar deletes the previous local file; preserve public URL behavior and record the legacy validation gap.
object_prefix,uploads/bank_covers/,user_bank,app/modules/user_bank/routes/api_uploads.py,personalbank,durable_file,5MB maximum; extension+MIME+magic-byte checks; realpath boundary,inventoried,No general orphan cleanup found for superseded cover files.
object_prefix,uploads/question_images/,admin/quiz,app/modules/admin/routes/api_components/questions_io.py; app/modules/admin/routes/api_legacy.py,catalog,durable_file,extension allowlist only (including SVG); secure filename; no size/MIME/magic-byte validation,inventoried,No general orphan cleanup found; retain the validation difference as a compatibility/security decision.
object_prefix,uploads/user_bank_question_images/,user_bank,app/modules/user_bank/routes/api_uploads.py,personalbank,durable_file,5MB maximum; extension+MIME+magic-byte checks; realpath boundary,inventoried,Separate from catalog images; no general orphan cleanup found.
object_prefix,uploads/questions/,main,app/__init__.py,catalog,legacy_compatibility_file,read allowlist; writer not confirmed,inventoried,Retain only while compatibility evidence requires it.
object_prefix,uploads/forum/,forum,app/modules/forum/services/upload_service.py,community,durable_file,forum_uploads association; 24h orphan cleanup,inventoried,Preserve attachment authorization.
object_prefix,uploads/chat/,chat,app/modules/chat/routes/api.py; app/modules/chat/tasks.py,messaging,durable_file,"images, thumbnails, raw audio, m4a/mp3",inventoried,Conversion may use an isolated worker command; no general orphan cleanup was found.
object_prefix,uploads/web_login/,auth,app/modules/auth/services/web_login_service.py,identity,short_lived_file,unguessable QR filename; no cleanup found,inventoried,Do not claim a TTL that legacy does not enforce.
object_prefix,uploads/wechat_bind/,auth,app/modules/auth/services/web_login_service.py,identity,short_lived_file,unguessable QR filename; no cleanup found,inventoried,Do not claim a TTL that legacy does not enforce.
object_prefix,R2 <configured-prefix>/backup_*.tar.gz,admin/backup,app/modules/admin/services/backup_archive_service.py; app/modules/admin/services/backup_storage_service.py; app/tasks/backup_scheduler.py,operations,durable_backup_archive,default backups/; retention 14d and max 3; checksums,inventoried,Restore rehearsal required.
object_prefix,R2 <configured-prefix>/.healthcheck/<uuid>.txt,admin/backup,app/modules/admin/services/backup_storage_service.py,operations,temporary_healthcheck_object,create/read/delete health probe,inventoried,Never persist credentials in the probe.
external_api,"OpenAI-compatible /models,/chat/completions,/responses",quiz/ai_chat,app/modules/quiz/services; app/modules/ai_chat/services,intelligence,external_integration,configurable HTTPS base URL; streaming supported,inventoried,Ordinary model HTTP remains Java; apply egress/SSRF policy and redact prompts/keys.
external_api,WeChat jscode2session/token/getwxacodeunlimit,auth,app/modules/auth/services,identity,external_integration,AppID/secret; HTTPS,inventoried,Never inventory real secrets.
external_api,SMTP email,auth,app/core/utils/email_service.py; app/tasks/email_tasks.py,identity,external_integration,timeouts; masked config; idempotent delivery,inventoried,Configuration administration remains operations-owned.
external_api,Aliyun DYPNS SMS,auth,app/core/utils/sms_service.py; app/tasks/sms_tasks.py,identity,external_integration,SendSmsVerifyCode/CheckSmsVerifyCode,inventoried,Configuration administration remains operations-owned.
external_api,SYN U WebVPN/JWXT,edu_schedule,app/modules/edu_schedule/services,campus,external_integration,low concurrency; timeout; backoff; circuit breaker; snapshot fallback,inventoried,Existing encrypted credentials must remain decryptable.
external_api,Cloudflare R2 S3 API,admin/backup,app/modules/admin/services/backup_storage_service.py,operations,external_integration,configurable bucket/prefix; 300s presigned download,inventoried,Encrypted credentials and restore validation required.
external_api,Epay submit/query/order,payment/admin,app/modules/payment/services/epay_service.py,operations,external_integration,configurable HTTP(S) endpoint; signed requests,inventoried,No payment ORM table found; approve egress/SSRF allowlist decision.
external_api,Sentry SDK/DSN,platform,app/__init__.py; app/core/config.py,operations,external_integration,optional telemetry endpoint,inventoried,Redact credentials and user-sensitive context.
external_api,browser export extension: Chaoxing/PTA/Yuketang,export_extension,app/modules/main/resources/export_extension/manifest.json; app/modules/main/resources/export_extension/content/xuexitong-export.js; app/modules/main/resources/export_extension/content/pta-export.js,web,external_integration,content-script host permissions for Chaoxing/Pintia/Yuketang; authenticated Chaoxing activity/result GETs; Yuketang show_paper GET; PTA DOM extraction,inventoried,Runs in the user's browser with the learning site's cookies and page access; treat host permissions and extracted question data as an explicit integration contract.
external_api,browser CDN/fonts,Jinja web,app/modules/**/templates,web,external_integration,Google Fonts/jsDelivr/Toast UI and similar,inventoried,Ancillary runtime dependency; vendor or define availability policy.
